index,paper_id,year,data,data_group,metric,metric_larger,metric_smaller,outcome_smaller,outcome_larger,outcome_type,relationship
0,1,2010,III) Audio,III) Audio,1) speech time,1) Verbal,1) Speech Features,A) verbal participation,A) communication,A) process,1-A: t-test: sig (t[38] = 2.18)
0,2,2013,I) Eye gaze III) Audio,"""I) Eye gaze;III) Audio""","""1) focused gaze;2) together gaze;3) dialogue episode;4) gaze transitions""","""1) Gaze;2) Gaze;3) Verbal;4) Gaze""","""1) Visual Attention;2) Visual Attention;3) Speech Content;4) Eye Motion""","""A) program understanding;B) dialogue episodes""","""A) performance;B) coordination""","""A) product;B) process""","""1,2-A: anova: sig;1,2-A,B: mixed linear model: sig;4-B: anova: sig"""
0,3,2014,"""VI) EDA;VII) ECG""","""VI) Physiological;VII) Physiological""",1) physiological linkage,1) Physiological,1) EDA,"""A) behavioral Involvement;B) empathy;C) negative Feelings;D) perceived comprehension""","""A) cognitive engagement;B) affective;C) affective;D) learning""","""A) process;B) process;C) process;D) product""","""1-A:regression: sig;1-B:regression: sig;1-C:regression: sig;1-D:regression: sig"""
0,4,2018,"""II) Video;III) Audio;X) Time of flight 3D map""","""II) Video;III) Audio;X) Body language""","""1) non-verbal speaking metrics;2) visual attention;3) verbal dominance and information metrics""","""1) Verbal;2) Gaze;3) Verbal""","""1) Speech Participation;2) Visual Attention;3) Speech Participation""","""A) perceived leadership;B) perceived contribution""","""A) interpersonal relationship / perception;B) interpersonal relationship / perception""","""A) process;B) process""","""3-A : correlation : sig;3-B : correlation : sig;1-A : correlation : nonsig;1-B : correlation : nonsig;2-A : correlation : nonsig;2-B : correlation : sig;1,2,3-A : regression: nonsig;1,2,3-B : regression: nonsig"""
0,5,2019,"""VI) EDA;II) Video""","""VI) Physiological;II) Video""","""1) eda peak detection;2) physiological concordance index""","""1) Physiological;2) Physiological""","""1) EDA;2) Combined""","A) monitoring of behavior, cognition, motivations and emotions ",A) cognitive engagement,A) process,"1,2-A: correlation: sig (r=0.663)"
0,6,2012,"""III) Audio;II) Video""","""III) Audio;II) Video""","""1) group participation speaking cues;2) silence and overlap cues;3) speaking distribution cues;4) individual visual focus of attention;5) group looking cues""","""1) Verbal;2) Verbal;3) Verbal;4) Gaze;5) Gaze""","""1) Speech Participation;2) Speech Participation;3) Speech Participation;4) Visual Attention;5) Visual Attention ""","""A) group composition;B) group interpersonal perception;C) group performance""","""A) group composition;B) interpersonal relationship / perception;C) performance""","""A) condition;B) process;C) product""","""1-A:correlation: sig;2-A:correlation: sig;3-A:correlation: sig;4-A:correlation: sig;5-A:correlation: sig;1-B:correlation: sig;2-B:correlation: sig;3-B:correlation: sig;4-B:correlation: sig;5-B:correlation: sig;1-C:correlation: sig;2-C:correlation: sig;3-C:correlation: sig;4-C:correlation: sig;5-C:correlation: sig;1,2-A:regression:sig;2,3-B:regression:sig;2-C:regression:sig"""
0,7,2018,"""I) Audio;II) Video""","""I) Audio;II) Video""","""1) GeMAPS acoustic features;2) extended GeMAPs acoustic features;3) MFCCs;4) facial action units""","""1) Verbal;2) Verbal;3) Verbal;4) Head""","""1) Speech Features;2) Speech Features;3) Speech Features;4) Facial Expressions""","""A) voiced Laughter;B) unvoiced Laughter;C) speech Laughter""","""A) interpersonal relationship / perception;B) interpersonal relationship / perception;C) interpersonal relationship / perception""","""A) process;B) process;C) process""","""1,2,3,4-A:sup. machine learning: nonsig;1,3,3,4-B:sup. machine learning: nonsig;1,2,3,4-C:sup. machine learning: nonsig"""
0,8,2018,I) Audio,I) Audio,"""1) speech features;2) linguistic features""","""1) Verbal;2) Verbal""","""1) Speech Features;2) Speech Content""",A) group performance,A) performance,A) product,"1,2-A: sup. machine learning: 64.4%"
0,9,2015,I) Eye gaze,I) Eye gaze,"""1) perceptual with-me-ness (gaze);2) conceptual with-me-ness (gaze);3) gaze similarity ""","""1) Gaze;2) Gaze;3) Gaze""","""1) Visual Attention;2) Visual Attention;3) Visual Attention""",A) learning gains,A) learning,A) product,"""1-A: correlation: sig (r = 0.51);2-A: correlation: sig (r = 0.41);3-A: correlation: sig (r = 0.39)"""
0,10,2018,I) Eye gaze,I) Eye gaze,"""1) gaze fixations;2) gaze saccades""","""1) Gaze;2) Gaze""","""1) Visual Attention;2) Eye Motion""",A) reference-action sequence,A) performance,A) product,"1,2-A:correlation: nonsig"
0,11,2014,"""II) Video;IV) Kinesiology;V) Log data""","""II) Video;IV) Body language;V) Log data""","""1) dialogue acts;2) facial expression;3) gesture;4) task actions""","""1) Verbal;2) Head;3) Body;4) Log Data""","""1) Speech Content;2) Facial Expressions;3) Hand Motion;4) Task-related""","""A) engagement;B) frustration;C) learning gains""","""A) cognitive engagement;B) affective;C) learning""","""A) process;B) process;C) product""","""1,2,3-A: regression: sig;1,2,3-B: regression: sig;1,2,3-C: regression: sig"""
0,12,2018,"""IV) Kinesiology;II) Video""","""IV) Body language;II) Video""","""1) clustered hand/wrist movement;2) object manipulation""","""1) Body;2) Log Data""","""1) Hand Motion;2) Task-related""",A) learning gains,A) learning,A) product,1-A:sup. machine learning: sig (ACC: 76%)
0,13,2017,"""I) Eye gaze;II) Audio""","""I) Eye gaze;II) Audio""","""1) (not) focused together;2) dialogue episodes""","""1) Gaze;2) Verbal""","""1) Visual Attention;2) Speech Content""",A) level of understanding,A) learning,A) product,"""1-A: anova: sig (F [1,16]=8.70);1,2-A: anova: sig (F [1,61]=7.60)"""
0,14,2013,I) Eye gaze,I) Eye gaze,1) joint visual attention,1) Gaze,1) Visual Attention,"""A) learning gains;B) collaboration quality""","""A) learning;B) coordination , communication""","""A) product;B) process""","""1-A:regression: sig;1-B:regression: sig"""
0,15,2011,V) Log data,V) Log data,1) events,1) Log Data,1) Task-related ,A) group performance,A) performance,A) product,1-A: unsup. machine learning: sig
0,16,2014,"""I) Eye gaze;V) Log data""","""I) Eye gaze;V) Log data""","""1) joint visual attention;2) n-grams;3) cosine similarity scores;4) convergence measures;5) coherence metrics""","""1) Gaze;2) Verbal;3) Verbal;4) Verbal;5) Verbal""","""1) Visual Attention;2) Speech Content;3) Speech Content;4) Speech Content;5) Speech Content""","""A) learning gains;B) collaboration quality""","""A) learning;B) coordination , communication""","""A) product;B) process""","""1,4-A: ANOVA: nonsig;1,4-B:ANOVA: nonsig;1,5-A:correlation: sig;2,3,4,5-A: sup. machine learning: 75%"""
0,17,2016,"""I) Eye gaze;II) Video;III) Audio""","""I) Eye gaze;II) Video;III) Audio""","""1) joint visual attention;2) gestures;3) speech duration""","""1) Gaze;2) Body;3) Verbal""","""1) Visual Attention;2) Hand Motion;3) Speech Participation""","""A) group performance;B) learning gains""","""A) performance;B) learning""","""A) product;B) product""","""1,2,3-B:qualitative: sig;1-B:correlation: sig"""
0,18,2013,"""II) Video;III) Audio;V) Log data""","""II) Video;III) Audio;V) Log data""","""1) calculator use;2) total movement;3) distance from the center of the table;4) number of interventions;5) speech duration;6) times numbers were mentioned;7) times mathematical terms were mentioned;8) times commands were pronounced;9) total number of pen strokes;10) average number of points;11) average stroke time length;12) average stroke path length;13) average stroke displacement;14) average stroke pressure""","""1) Log Data;2) Body;3) Body;4) Verbal;5) Verbal;6) Verbal;7) Verbal;8) Verbal;9) Log Data;10) Log Data;11) Log Data;12) Log Data;13) Log Data;14) Log Data""","""1) Task-related;2) Gross Body Motion;3) Location;4) Speech Participation;5) Speech Participation;6) Speech Content;7) Speech Content;8) Speech Content;9) Text;10) Text;11) Text;12) Text;13) Text;14) Text ""","""A) odds of a student solving correctly a problem;B) expert prediction""","""A) performance;B) group composition""","""A) product;B) condition""","""1,2,3,4,5,6,7,8,9,10,11,12,13,14-A:regression: sig;1,2,3,4,5,6,7,8,9,10,11,12,13,14-B:sup. machine learning: sig"""
0,19,2015,"""II) Video;III) Audio""","""II) Video;III) Audio""","""1) speaking status;2) pitch;3) energy;4) head motion;5) body motion;6) motion energy images;7) gaze""","""1) Verbal;2) Verbal;3) Verbal;4) Head;5) Body;6) Body;7) Gaze""","""1) Speech Participation;2) Speech Features;3) Speech Features;4) Head Motion;5) Gross Body Motion;6) Gross Body Motion;7) Visual Attention""",A) personality traits,A) group composition,A) condition,"1,2,3,4,5,6,7-A:unsup. machine learning: 69.61%"
0,20,2019,"""II) Video;III) Audio;V) Log data""","""II) Video;III) Audio;V) Log data""","""1) total manual gestures per second;2) iconic gestures per second;3) deictic gestures per second""","""1) Body;2) Body;3) Body""","""1) Hand Motion;2) Hand Motion;3) Hand Motion""",A) expertise,A) group composition,A) condition,"""1-A:Wilcoxon Signed Ranks test: sig;2-A:Wilcoxon Signed Ranks test: sig;3-A:Wilcoxon Signed Ranks test: nonsig"""
0,21,2013,"""III) Audio;V) Log data""","""III) Audio;V) Log data""","""1) sequences of verbal utterances;2) sequences of meaningful actions""","""1) Verbal;2) Log Data""","""1) Speech Content;2) Touch """,A) colloboration quality,"A) coordination , communication",A) process,"1,2-A:unsup. machine learning: 90%"
0,22,2013,III) Audio,III) Audio,"""1) duration of all vocalisations;2) average duration of vocalisation;3) standard deviation of vocalisation;4) probability of a transition from floor to a vocalisation;5) probability of a transition from a vocalisation to floor;6) probability of transitioning from a group vocalisation to speaker vocalisation;7) probability of transitioning from a speaker vocalisation to a group vocalisation;8) uncertainty in the transitions originating from a speaker""","""1) Verbal;2) Verbal;3) Verbal;4) Verbal;5) Verbal;6) Verbal;7) Verbal;8) Verbal""","""1) Speech Participation;2) Speech Participation;3) Speech Participation;4) Speech Participation;5) Speech Participation;6) Speech Participation;7) Speech Participation;8) Speech Participation""",A) identity of the expert,A) group composition,A) condition,"1,2,3,4,5,6,7,8-A: sup. machine learning: sig (ACC: 92%)"
0,22,2013,III) Audio,III) Audio,9) transition probability between types of vocalisations,9) Verbal,9) Speech Participation,B) task performance,B) performance,B) product,"9-B: sup. machine learning: sig (F1: 0.838, 0.395)"
0,23,2015,"""IV) Kinesiology;V) Log data""","""IV) Body language;V) Log data""","""1) amount of exploration;2) types of exploration;3) amount of movement;4) type of movement;5) body synchronization;6) body distance""","""1) Log Data;2) Log Data;3) Body;4) Body;5) Body;6) Body""","""1) Task-related;2) Task-related;3) Gross Body Motion;4) Gross Body Motion;5) Gross Body Motion;6) Location""","""A) individual learning gains;B) group learning gains;C) leadership""","""A) learning;B) learning;C) group composition""","""A) product;B) product;C) condition""","""1-A: correlation: nonsig;2-A: correlation: mixed;3-A: correlation: nonsig;4-A: correlation: sig;4-C: ANOVA: sig;5-A: ANOVA: nonsig;6-A: correlation: nonsig;1,2,3,4,5,6-B: sup. machine learning: sig (ACC: 100%)"""
0,24,2020,"""VI) EDA;II) Audio""","""VI) Physiological;II) Audio""","""1) physiological synchrony (PC);2) physiological synchrony (DA);3) physiological synchrony (SM);4) physiological synchrony (IDM);5) cycles of physiological synchrony (PC)""","""1) Physiological;2) Physiological;3) Physiological;4) Physiological;5) Physiological""","""1) EDA;2) EDA;3) EDA;4) EDA;5) EDA""","""A) collaboration quality;B) task performance;C) learning gains""","""A) coordination , communication;B) performance;C) learning""","""A) process;B) product;C) product""","""1-C: correlation: sig r = 0.35;2-A: correlation: sig r =0.47;5-A: correlation: sig r = 0.57;5-C: correlation: sig r = 0.47"""
0,25,2019,"""I) Audio;II) Video;VI) EDA""","""I) Audio;II) Video;VI) Physiological""","""1) speech rate;2) face and upper body movement;3) galvanic skin response""","""1) Verbal;2) Body;3) Physiological""","""1) Speech Features;2) Gross Body Motion;3) EDA""","""A) perceived collaboration quality;B) perceived valence;C) perceived arousal;D) task performance""","""A) interpersonal relationship / perception, coordination;B) affective;C) affective;D) performance""","""A) process;B) process;C) process;D) product""","""1,2,3-A:unsup. machine learning: nonsig;1,2,3-B:unsup. machine learning: nonsig;1,2,3-C:unsup. machine learning: nonsig;1,2,3-D:unsup. machine learning: nonsig"""
0,26,2018,I) Eye gaze,I) Eye gaze,"""1) joint visual attention;2) cycles of collaborative / individual work""","""1) Gaze;2) Gaze""","""1) Visual Attention;2) Visual Attention""","""A) learning gains;B) collaboration quality;C) task performance""","""A) learning;B) coordination , communication;C) performance""","""A) product;B) process;C) product""","""1-B: correlation: sig r = 0.341;2-B: correlation: sig r = 0.347;2-A: correlation: sig r = 0.398;2-C: correlation: sig r = 0.355"""
0,27,2010,"""I) Eye gaze;VI) Log data""","""I) Eye gaze;VI) Log data""","""1) gaze location;2) gaze saccade;3) gaze fixation;4) player actions;5) zoid acceleration""","""1) Gaze;2) Gaze;3) Gaze;4) Log Data;5) Log Data""","""1) Visual Attention;2) Eye Motion;3) Visual Attention;4) Task-related;5) Task-related """,A) social context,A) group composition,A) condition,"1,2,3,4,5-A: sup. machine learning: sig (ACC:81.43)"
0,28,2014,III) Audio,III) Audio,"""1) pitch;2) intensity;3) voice quality;4) speaking rate;5) proximity;6) convergence;7) synchrony""","""1) Verbal;2) Verbal;3) Verbal;4) Verbal;5) Verbal;6) Verbal;7) Verbal""","""1) Speech Features;2) Speech Features;3) Speech Features;4) Speech Features;5) Speech Features;6) Speech Features;7) Speech Features""",A) rapport level,A) interpersonal relationship / perception,A) process,"""5-A: correlation: mixed (Max r 0.842);6-A: correlation: mixed (Max r 0.741);7-A: correlation: mixed (Max r 0.634)"""
0,29,2016,I) Eye gaze,I) Eye gaze,1) gaze location,1) Gaze,1) Visual Attention,"""A) quality of remote collaboration;B) task completion time""","""A) performance;B) performance""","""A) product;B) product""","""1-A:Wilcoxon Signed Ranks test: sig;1-B:Wilcoxon Signed Ranks test: sig"""
0,30,2016,I) Eye gaze,I) Eye gaze,1) joint visual attention,1) Gaze,1) Visual Attention,"""A) task performance;B) learning gains""","""A) performance;B) learning""","""A) product;B) product""","""1-A: correlation: sig (r = 0.59);1-B: correlation: sig (r = 0.42)"""
0,31,2016,"""II) Video;III) Audio""","""II) Video;III) Audio""","""1) intra-personal features;2) dyadic features;3) one vs all features""","""1) Head;2) Head;3) Verbal""","""1) Facial Expressions;2) Facial Expressions;3) Speech Features""","""A) personality traits;B) social impressions""","""A) group composition;B) interpersonal relationship / perception""","""A) condition;B) process""","""1-A: Regression: 73.53%;1-B:Regression: 76.47%;2-A: Regression: 60.54%;2-B: Regression: 66.42%;3-A: Regression: 65.69%;3-B: Regression: 73.53%"""
0,32,2008,"""II) Video;III) Audio""","""II) Video;III) Audio""","""1) audio energy features;2) visual focus of attention""","""1) Verbal;2) Gaze""","""1) Speech Features;2) Visual Attention""",A) visual dominance ratio,A) group composition,A) condition,"1,2-A: sup. machine learning: 79.4%"
0,33,2017,"""II) Video;III) Audio;V) Log data;X) computer screen recording""","""II) Video;III) Audio;V) Log data;X) Log data""","""1) card movements;2) scrolling;3) zooming;4) audio features""","""1) Log Data;2) Log Data;3) Log Data;4) Verbal""","""1) Task-related;2) Task-related;3) Task-related;4) Speech Features""","""A) collaboration;B) asymmetric contribution;C) cooperation""","""A) coordination , communication;B) coordination;C) coordination , communication""","""A) process;B) process;C) process""","""1,2,3,4-A,C: sup. machine learning: 96%;1,2,3,4-A,B,C: sup. machine learning: 86%"""
0,34,2018,III) Audio,III) Audio,1) speech utterances,1) Verbal,1) Speech Content,A) personality traits,A) group composition,A) condition,1-A: sup. machine learning : 87.9%
0,35,2019,I) Eye gaze,I) Eye gaze,"""1) gaze area of interest;2) cross-recurrence quantification analysis;3) multidimensional recurrence quantification analysis""","""1) Gaze;2) Gaze;3) Gaze""","""1) Visual Attention;2) Visual Attention;3) Visual Attention""","""A) construction of shared knowledge;B) negotiation;C) coordination;D) task score;E) group performance""","""A) coordination;B) coordination;C) coordination;D) performance;E) performance""","""A) process;B) process;C) process;D) product;E) product""","""2-A: regression: sig;3-B: regression: sig;3-C: regression: sig;2-D: regression: nonsig;2-E: regression: sig;2-D: regression: nonsig;2-E: regression:nosig"""
0,36,2015,"""I) Eye gaze;III) Audio""","""I) Eye gaze;III) Audio""","""1) joint visual attention;2) simple linguistic features;3) convergence of linguistic styles;4) coherence""","""1) Gaze;2) Verbal;3) Verbal;4) Verbal""","""1) Visual Attention;2) Speech Content;3) Speech Content;4) Speech Content""","""A) learning gains;B) collaboration;C) joint visual attention""","""A) learning;B) coordination, communication;C) coordination, communication""","""A) product;B) process;C) process""","""3-A,B,C: correlation: nonsig;4-A: correlation: sig;4-C: ANOVA: sig;2-A: sup. machine learning: 75%"""
0,37,2013,"""III) Audio;II) Video""","""III) Audio;II) Video""","""1) speaking activity;2) visual attention;3) audio-visual""","""1) Verbal;2) Gaze;3) Gaze""","""1) Speech Participation;2) Visual Attention;3) Visual Attention""","""A) personality traits;B) percieved interaction score;C) ranked dominance;D) task performance;E) perceived leadership and dominance""","""A) group composition;B) interpersonal relationship / perception;C) interpersonal relationship / perception;D) performance;E) interpersonal relationship / perception""","""A) condition;B) process;C) process;D) product;E) process""","""1,3-E: sup. machine learning: 50%;1,3-C: sup. machine learning: 59.1%"""
0,38,2019,"""I) Eye gaze;III) Audio;IV) Kinesiology;VI) EDA""","""I) Eye gaze;III) Audio;IV) Body language;VI) Physiological""","""1) coh-metrix indices;2) physical synchrony;3) physiological synchrony;4) joint visual attention""","""1) Verbal;2) Body;3) Physiological;4) Gaze""","""1) Speech Features;2) Gross Body Motion;3) EDA;4) Visual Attention""","""A) learning gains;B) collaboration;C) coh-metrix indices""","""A) learning;B) coordination , communication;C) communication""","""A) product;B) process;C) process""","""1-A: correlation: sig;1-B: correlation: sig;1-C: correlation: sig;2-C: correlation: sig;3-C: correlation: sig;4-C: correlation: sig;2-B: sup. machine learning: 84%"""
0,39,2014,"""VI) EDA;VII) ECG""","""VI) Physiological;VII) Physiological""","""1) SM - EDA;2) IDM - EDA;3) DA - EDA;4) CC - EDA;5) WC - EDA;6) SM - HR;7) IDM - HR;8) DA - HR;9) CC - HR;10) WC - HR low frequency;11) WC - HR high frequency""","""1) Physiological;2) Physiological;3) Physiological;4) Physiological;5) Physiological;6) Physiological;7) Physiological;8) Physiological;9) Physiological;10) Physiological;11) Physiological""","""1) EDA;2) EDA;3) EDA;4) EDA;5) EDA;6) Heart;7) Heart;8) Heart;9) Heart;10) Heart;11) Heart""","""A) task performance;B) self-rated workload""","""A) performance;B) cognitive engagement""","""A) product;B) process""","""1-A: LME: nonsig;2-A: LME: nonsig;3-A: LME: sig;4-A: LME: nonsig;5-A: LME: nonsig;6-A: LME: nonsig;7-A: LME: nonsig;8-A: LME: nonsig;9-A: LME: nonsig;10-A: LME: nonsig;11-A: LME: nonsig;1-B: LME: nonsig;2-B: LME: nonsig;3-B: LME: nonsig;4-B: LME: nonsig;5-B: LME: nonsig;6-B: LME: nonsig;7-B: LME: nonsig;8-A: LME: nonsig;9-A: LME: nonsig;10-A: LME: nonsig;11-A: LME: nonsig"""
0,40,2017,II) Video,II) Video,"""1) count of faces looking at screen;2) distance between learners;3) distance between hands;4) hand motion speed""","""1) Gaze;2) Body;3) Body;4) Body""","""1) Visual Attention;2) Location;3) Hand Motion;4) Hand Motion""","""A) physical engagement;B) synchronisation;C) individual accountability""","""A) cognitive engagement;B) coordination;C) coordination, cognitive engagement""","""A) process;B) process;C) process""","""3-C:regression: sig;3-B:regression: sig;1+3-B:regression: sig;3-A:regression: sig"""
0,41,2016,V) Log data,V) Log data,1) touch patterns,1) Log Data,1) Touch,A) social regulation,"A) coordination, cognitive engagement",A) process,1-A:calculation:84.2%
0,42,2018,"""III) Audio;I) Eye gaze;VI) EDA;IV) Kinesiology""","""III) Audio;I) Eye gaze;VI) Physiological;IV) Body language""","""1) total movement across upper body joints and body parts;2) talking time""","""1) Body;2) Verbal""","""1) Gross Body Motion;2) Speech Participation""",A) collaboration quality,"A) coordination , communication",A) process,"""1-A: correlation: sig;2-A: correlation: sig"""
0,43,2019,I) Eye gaze,I) Eye gaze,1) EVT of spatial entropy,1) Gaze,1) Visual Attention,"""A) collaboration outcome;B) post-test score""","""A) performance;B) learning""","""A) product;B) product""","""1-A: regression: sig;1-B: regression: sig"""
0,44,2019,"""II) Video;III) Audio;VI) EDA""","""II) Video;III) Audio;VI) Physiological""","""1) facial expression;2) physiological simultaneous arousal""","""1) Head;2) Physiological""","""1) Facial Expressions;2) EDA""","""A) type of working activity;B) type of interaction""","""A) coordination;B) communication""","""A) process;B) process""","""1-A: calculation: nonsig;1-B: ANOVA: sig;2-A: calculation: nonsig;2-B: calculation: nonsig"""
0,45,2019,"""III) Audio;IV) Kinesiology;V) Log data""","""III) Audio;IV) Body language;V) Log data""","""1) speaking turn features;2) acoustic features;3) head motion features;4) linguistic features""","""1) Verbal;2) Verbal;3) Head;4) Verbal""","""1) Speech Participation;2) Speech Features;3) Head Motion;4) Speech Content""",A) artefact quality,A) performance,A) product,"1,2,3,4-A : unsup. machine learning : sig"
0,46,2014,I) Eye gaze,I) Eye gaze,1) network features,1) Gaze,1) Visual Attention,A) collaboration quality,"A) coordination , communication",A) process,"""1-A: sup. machine learning: 85-100%;1-A: correlation: sig"""
0,47,2017,"""IV) Kinesiology;VI) Kinesiology;III) Audio;V) Log data""","""IV) Body language;VI) Body language;III) Audio;V) Log data""","""1) number of faces looking at screen;2) mean distance between learners;3) mean distance between hands;4) mean hand movement speed;5) mean audio level;6) arduino measure of complexity;7) arduino active hardware blocks;8) arduino active software blocks;9) arduino active blocks;10) student work phases""","""1) Head;2) Body;3) Body;4) Body;5) Verbal;6) Log Data;7) Log Data;8) Log Data;9) Log Data;10) Log Data""","""1) Head Motion;2) Location;3) Hand Motion;4) Hand Motion;5) Speech Features;6) Task-related;7) Task-related;8) Task-related;9) Task-related;10) Task-related""",A) artefact quality,A) performance,A) product,"1,2,3,4,5,6,7,8,9,10-A: sup. machine learning: 24%"
0,48,2012,"""III) Audio;V) Log data ""","""III) Audio;V) Log data ""","""1) pause duration;2) energy;3) articulation rate;4) fundamental frequency;5) peak slope;6) spectral stationarity;7) writing rate;8) writing area;9) aspect ration;10) pressure;11) uninterrupted writing;12) pause distribution/average pauses""","""1) Verbal;2) Verbal;3) Verbal;4) Verbal;5) Verbal;6) Verbal;7) Log Data;8) Log Data;9) Log Data;10) Log Data;11) Log Data;12) Log Data""","""1) Speech Participation;2) Speech Features;3) Speech Features;4) Speech Features;5) Speech Features;6) Speech Features;7) Text;8) Text;9) Text;10) Text;11) Text;12) Text""","""A) leadership;B) expertise""","""A) group composition;B) group composition""","""A) condition;B) condition""","""1-A: t-test: sig;3-A: t-test: sig;5-A: t-test: sig;6-A: t-test: sig;5-B: t-test: sig;3-B: t-test: nonsig;1-B: t-test: nonsig;6-B: t-test: nonsig"""
0,49,2017,"""IV) Kinesiology;V) Log data;III) Audio""","""IV) Body language;V) Log data;III) Audio""","""1) faces looking at screen;2) distance between learners;3) distance between hands;4) number of active blocks;5) variety of hardware blocks;6) variety of software blocks;7) number of interconnections between blocks;8) audio level""","""1) Head;2) Body;3) Body;4) Log Data;5) Log Data;6) Log Data;7) Log Data;8) Verbal""","""1) Head Motion;2) Location;3) Hand Motion;4) Task-related;5) Task-related;6) Task-related;7) Task-related;8) Speech Features""",A) collaborative problem solving ,"A) coordination, performance","A) process, product","""1,2-A: sup. machine learning: sig;8-A: sup. machine learning: sig"""
0,50,2017,I) Eye gaze,I) Eye gaze,1) joint visual attention,1) Gaze,1) Visual attention,"""A) collaboration quality;B) cycles of collaboration;C) learning gains;D) task performance""","""A) coordination , communication;B) coordination;C) learning;D) performance""","""A) process;B) process;C) product;D) product""","""1-A: correlation: sig;1-A: correlation: sig"""
0,51,2015,I) Eye gaze,I) Eye gaze,1) joint visual attention,1) Gaze,1) Visual attention,"""A) collaboration quality;B) student performance;C) learning gains ""","""A) coordination , communication;B) performance;C) learning""","""A) process;B) product;C) product""","""1-A: correlation: sig;1-B: regression: sig;1-C: correlation: sig"""
0,52,2018,IV) Kinesiology,IV) Body language,"""1) joint movement;2) joint angle;3) dyad proximity""","""1) Body;2) Body;3) Body""","""1) Gross Body Motion;2) Gross Body Motion;3) Location""","""A) task performance;B) collaboration;C) learning gains""","""A) performance;B) coordination , communication;C) learning""","""A) product;B) process;C) product""","""1-A: correlation: sig;1-B: correlation: nonsig;2-A: correlation: sig / mixed;3-B: correlation: nonsig;3-A: correlation: sig"""
0,53,2013,"""I) Eye gaze;II) Video""","""I) Eye gaze;II) Video""","""1) joint visual attention;2) cognitive load (from pupil size)""","""1) Gaze;2) Gaze""","""1) Visual Attention;2) Eye Physiology""",A) learning gains,A) learning,A) product,"""1-A :mediation: sig;2-A:mediation: nonsig"""
0,54,2016,VI) EDA,VI) Physiological,"""1) signal matching;2) instantaneous derivative matching;3) directional agreement;4) pearson’s correlation coefficient;5) fisher’s z-transform of pearson's correlation coefficient""","""1) Physiological;2) Physiological;3) Physiological;4) Physiological;5) Physiological""","""1) EDA;2) EDA;3) EDA;4) EDA;5) EDA""","""A) collaborative will;B) collaborative learning product;C) dual learning gains""","""A) interpersonal relationship / perception;B) performance;C) learning""","""A) process;B) product;C) product""","""1,3,4,5-A : regression : nonsig;2-A:regression: sig;1,3,4,5-B : regression : nonsig;2-B:regression: sig;1,2,4,5-C : regression : nonsig;3-C:regression: sig"""
0,55,2017,"""II) Video;III) Audio""","""II) Video;III) Audio""","""1) linguistic features;2) voice features;3) facial expression features""","""1) Verbal;2) Verbal;3) Head""","""1) Speech Content;2) Speech Features;3) Facial Expressions""","""A) perception of peer helpfulness;B) perception of peer understanding;C) perception of peer clarity""","""A) interpersonal relationship / perception;B) interpersonal relationship / perception;C) interpersonal relationship / perception""","""A) process;B) process;C) process""","""1,2,3-A: correlation: sig;1,2,3-B: correlation: sig;1,2,3-C:correlation: sig;1,2-A:correlation: nonsig;1,2-B:correlation: nonsig;1,2-C:correlation: nonsig;3-A:correlation: sig;3-B:correlation: sig;3-C:correlation: sig"""
0,56,2020,"""II) Video;V) Log data""","""II) Video;V) Log data""","""1) type of activity done in task;2) amount of face and body movement;3) target for discussion partner""","""1) Log Data;2) Body;3) Log Data""","""1) Task-related;2) Gross Body Motion;3) Task-related""","""A) task success score;B) subjective perception of collaboration""","""A) performance;B) interpersonal relationship / perception""","""A) product;B) process""","""1,2,3-A : correlation : sig;1,2,3-B : correlation : sig"""
0,57,2018,"""II) Video;III) Audio;VI) EDA""","""II) Video;III) Audio;VI) Physiological""","""1) signal matching;2) instantaneous derivative matching;3) directional agreement;4) pearson’s correlation coefficient;5) speech activity""","""1) Physiological;2) Physiological;3) Physiological;4) Physiological;5) Verbal""","""1) Combined;2) Combined;3) Combined;4) Combined;5) Speech Participation""","""A) learning gains;B) collaboration quality: dialogue management;C) collaboration quality: reaching consensus;D) colaboration quality: reciprocal interaction;E) collaboration quality: information pooling""","""A) learning;B) communication;C) coordination;D) coordination;E) coordination""","""A) product;B) process;C) process;D) process;E) process""","""1,2,3-A : correlation : nonsig;4-A:correlation: sig;5-A : ANOVA : sig;1,2,4-B : correlation : nonsig;3-B:correlation: sig;1,2,4-C:correlation : nonsig;3-C:correlation: sig;1,2,4-D:correlation: nonsig;3-D:correlation: sig;1,2,3-E:correlation : nonsig;4-E:correlation: sig"""
0,58,2017,"""II) Video;III) Audio""","""II) Video;III) Audio""","""1) head/body movement;2) (non)concurrent speaking length;3) speaking turn duration/number;4) interruption""","""1) Body;2) Verbal;3) Verbal;4) Verbal""","""1) Gross Body Motion;2) Speech Participation;3) Speech Participation;4) Speech Participation""",A) emerging leadership,A) group composition,A) condition,"""1-A: sup. machine learning: sig;2,3,4-A: sup. machine learning: sig;1,2,3,4-A: sup. machine learning: mixed"""
0,59,2016,II) Video,II) Video,1) visual field of attention on a person features,1) Gaze,1) Visual Attention,A) emerging leadership,A) group composition,A) condition,"""1-A: correlation: mixed;1-A: sup. machine learning: sig"""
0,60,2013,"""III) Audio;V) Log data""","""III) Audio;V) Log data""","""1) speech time and frequency;2) symmetry of speech among group;3) total number of touch actions;4) symmetry of touch actions among group""","""1) Verbal;2) Verbal;3) Log Data;4) Log Data""","""1) Speech Participation;2) Speech Participation;3) Touch;4) Touch""",A) collaboration,"A) coordination , communication",A) process,"1,2,3,4-A: sup. machine learning: sig (85%)"
0,61,2011,"""III) Audio;V) Log data""","""III) Audio;V) Log data""","""1) speech quantity;2) physical participation quantity;3) number of active participants in group;4) verbal participation symmetry among group;5) physical participation symmetry among group""","""1) Verbal;2) Log Data;3) Verbal;4) Verbal;5) Log Data""","""1) Speech Participation;2) Task-related;3) Speech Participation;4) Speech Participation;5) Task-related""",A) collaboration,A) communication,A) process,"1,2,3,4-A: sup. machine learning: sig"
0,62,2020,IV) Kinesiology,IV) Body language,"""1) time spent individually;2) time spent as a group;3) diversity of collaborative interactions;4) transition probabilities between collaborative state""","""1) Body;2) Body;3) Body;4) Body""","""1) Location;2) Location;3) Location;4) Location""","""A) technical ability;B) social ability;C) time spent in makerspace;D) reported frustration""","""A) performance;B) interpersonal relationship / perception;C) performance;D) affective""","""A) product;B) process;C) product;D) process""","""1-A: correlation: mixed;2-A: correlation: mixed;2-B: correlation: mixed;4-A: correlation: mixed;4-C: correlation: mixed;4-D: correlation: mixed"""
0,63,2020,VI) EDA,VI) Physiological,1) physiological synchrony ,1) Physiological,1) EDA,"""A) judgement of confidence;B) mental effort;C) task difficulty;D) task interest;E) emotional valence;F) perceived group performance;G) objective group performance score""","""A) affective;B) cognitive engagement;C) cognitive engagement;D) cognitive engagement;E) affective;F) performance;G) performance""","""A) process;B) process;C) process;D) process;E) process;F) product;G) product""","""1-A: regression: nonsig;1-B: regression: sig (positive);1-C: regression: nonsig;1-D: regression: nonsig;1-E: regression: nonsig;1-F: regression: nonsig;1-G:regression: nonsig"""
0,64,2016,"""VI) EDA;VII) ECG;X) Facial EMG""","""VI) Physiological;VII) Physiological;X) Facial expression""","""1) EDA synchrony;2) smiling synchrony;3) heart rate sychrony""","""1) Physiological;2) Head;3) Physiological""","""1) EDA;2) Facial Expressions;3) Heart""","""A) team cohesion;B) routine choice""","""A) interpersonal relationship / perception;B) coordination""","""A) process;B) process""","""1-A: regression: sig (negative);2-A: regression: sig;2-B: regression: sig"""
0,65,2017,XI) EEG,XI) Physiological,1) brain synchrony,1) Physiological,1) Brain,"""A) engagement;B) social dynamics""","""A) cognitive engagement;B) interpersonal relationship / perception""","""A) process;B) process""","""1-A: regression: sig;1-B: regression: sig"""
0,66,2013,"""III) Audio;II) Video;IV) Kinesiology""","""III) Audio;II) Video;IV) Body language""","""1) upper body agitation;2) hand agitation;3) head orientation;4) speaking time/turns""","""1) Body;2) Body;3) Head;4) Verbal""","""1) Gross Body Motion;2) Hand Motion;3) Head Motion;4) Speech Participation""",A) agreement,A) coordination,A) process,"1,2,3,4-A: sup. machine learning: sig (75% accuracy)"
0,67,2020,"""VI) EDA;VII) ECG""","""VI) Physiological;VII) Physiological""","""1) EDA synchrony;2) heart rate sychrony""","""1) Physiological;2) Physiological""","""1) EDA;2) Heart""",A) collaboration quality,"A) coordination, cognitive engagement",A) process,"""1-A: sup. machine learning: sig;2-A: sup. machine learning: nonsig"""
0,68,2020,I) Eye gaze,I) Eye gaze,1) shared gaze,1) Gaze,1) Visual Attention,"""A) cognitive load;B) collaboration quality;C) task performance;D) gaze overlap""","""A) cognitive engagement;B) coordination, communication;C) performance;D) coordination""","""A) process;B) process;C) product;D) process""","""1-A: anova: nonsig;1-B: anova: sig;1-C: anova: sig;1-D: anova: sig"""
0,69,2020,II) Video,II) Video,1) body synchronization,1) Body,1) Gross Body Motion,"""A) cooperation;B) cultural style matching;C) language style matching;D) colaughter""","""A) interpersonal relationship / perception;B) group composition;C) group composition;D) interpersonal relationship / perception""","""A) process;B) condition;C) condition;D) process""","""1-A: regression: nonsig;1-B: regression: sig (neg);1-C: regression: sig (neg);1-D: regression: sig"""
0,70,2017,"""III) Audio;V) Log data""","""III) Audio;V) Log data""","""1) speech time;2) prosodic speech features;3) movement of objects""","""1) Verbal;2) Verbal;3) Log Data""","""1) Speech Participation;2) Speech Features;3) Task-related""",A) collaboration quality,A) coordination,A) process,"1,2,3-A:sup. machine learning: sig"
0,71,2011,IV) Kinesiology,IV) Body language,1) gesture type and location,1) Body,1) Hand Motion,"""A) frequency of utterances;B) subjective workload""","""A) communication;B) cognitive engagement""","""A) process;B) process""","""1-A: ANOVA: sig;1-B: ANOVA: sig"""
0,72,2010,"""II) Video;III) Audio""","""II) Video;III) Audio""","""1) speaking time;2) attention received per person;3) attention given by person""","""1) Verbal;2) Gaze;3) Gaze""","""1) Speech Participation;2) Visual Attention;3) Visual Attention""",A) extraversion rating,A) group composition,A) condition,"1,2,3-A: sup. machine learning: sig"
0,73,2011,I) Eye gaze,I) Eye gaze,1) gaze overlap,1) Gaze,1) Visual Attention,A) referential form,A) communication,A) process,1-A:regression: nonsig
0,74,2016,III) Audio,III) Audio,"""1) duration of speech by each student;2) duration in which each student was only speaker;3) duration of overlapping speech from pairs of students;4) duration of overlapping speech from all people;5) duration of silence for all people;6) prosodic and tone features""","""1) Verbal;2) Verbal;3) Verbal;4) Verbal;5) Verbal;6) Verbal""","""1) Speech Participation;2) Speech Participation;3) Speech Participation;4) Speech Participation;5) Speech Participation;6) Speech Features""",A) collaboration quality,A) coordination,A) process,"1,2,3,4,5,6-A:sup. machine learning: nonsig"
0,75,2018,"""IV) Kinesiology;II) Video""",,"""1) clustered hand/wrist movement;2) object manipulation""","""1) Body;2) Body""","""1) Hand Motion;2) Task-related""",A) Learning gains,A) learning,A) Product,1-A:sup. machine learning: sig (ACC: 76%)
0,76,2015,"""IV) Kinesiology;V) Log data""",,"""1) amount of exploration;2) types of exploration;3) amount of movement;4) type of movement;5) Body synchronization;6) Body distance""","""1) Body;2) Body;3) Body""","""1) Task-related;2)  Task-related;3) Gross Body Motion""","""A) learning gains;B) learning gain group (high or low);C) leadership (driver/passenger)""","""A) Learning;B) Learning;C) Interpersonal relationship""","""A) Product;B) Product;C) Process""","""1-A: correlation: nonsig;2-A: correlation: mixed;3-A: correlation: nonsig;4-A: correlation: sig;4-C: ANOVA: sig;5-A: ANOVA: nonsig;6-A: correlation: nonsig;1,2,3,4,5,6-B: sup. machine learning: sig (ACC: 100%)"""
0,77,2018,I) Eye gaze,,"""1) Joint visual Attention;2) Cycles of collaborative / individual work""","""1) Gaze;2)""","""1) Visual Attention;2) Task-related""","""A) learning gains;B) collaboration quality;C) task performance""","""A) Learning;B) Coordination;C) Performance""","""A) Product;B) Process;C) Product""","""1-B: correlation: sig;2-B: correlation: sig;2-A: correlation: sig;2-C: correlation: sig """
0,78,2015,"""I) Eye gaze;III) Audio""",,"""1) Joint visual attention;2) simple linguistic features;3) convergence (of linguistic styles);4) coherence""","""1) Gaze;2)Verbal""","""1) Visual Attention;2) Speech Participation""","""A) Learning;B) Collaboration;""","""A) Learning;B) Coordination;""","""A) Product;B) Process;""","""4-A: correlation: sig;4-C: ANOVA: sig;2-A: sup. machine learning: 75%"""
0,79,2013,"""I) Eye gaze;II) Video""",,"""1) joint visual attention;2) cognitive load (from pupil size)""","""1) Gaze;2) Physiological""","""1) Visual Attention;2）""",A) learning gains,A) Learning,A) product,"""1-A :mediation : sig;2-A:mediation: nonsig"""
0,80,2021,"""I) Eye Gaze;III) Audio;V) Log Data""",,"""1) Joint Visual Attention;2) Joint Mental Effort;3) Dialogue;""","""1) Gaze;2) Gaze;3) Speech""","""1) visual attention;2) visual attention;3) Speech Features """,A) learning performance,A)product,A)product,"""1-A: ANOVA: sig;2-A: ANOVA: sig;;"""
0,81,2020,I) Eye Gaze,,1) Joint Visual Attention,1) Gaze,1) Visual Attention,A) learning gains,A)product,A)product,1-A: correlation: sig
0,82,2020,"""I) Eye Gaze;III) Audio;V) Log data""",,"""1) individual gaze (transition from image to text);2) gaze similarity (collaborative gaze);3) gaze similarity (gaze transition similarity);4) speech""","""1) Gaze;2) Gaze;3) Gaze;4) Verbal""","""1) Visual Attention;2) Visual Attention;3) Visual Attention;4) Speech Participation""","""A) learning gains;(five posters, game on interactive display, gamified quiz - collaborative/competitive);B) game performance""",A) Learning,A) product ,"""1-A1: correlation: sig;1-A2: correlation: sig;2-A2: correlation: sig;2,4-A2: ANCOVA: sig """
0,83,2018,VI) EDA,,1) mean range-corrected EDA responses,1) Physiological,1) EDA,"""A) topic emotions - negative;B) topic emotions - positive""",A) cognitive?,A) process?,1-A: corrleation: sig
0,84,2020,"""I) Eye Gaze;II) Video;III) Audio""",,"""1) gaze features (fixation dispersion, number of fixations and mean fixation duration, mean saccade amplitude, joint attention);2) acoustic-prosodic information (fundamental frequency (pitch), loudness (energy), center frequency and amplitude of the first through third formants, harmonics to noise ratio, jitter, and shimmer);3) facial features (face area, positive and negative valence, expressivity, face/upper body motion);4) task content feature""","""1) Gaze;2) Verbal;3) Head;4) ""","""1) Visual Attention;2) Speech Features;3) Facial Expressions;4) Task Related""",A) task performance,A) performance,A) product,"""1,2,3,4-A: AUROC=0.71;1-A: AUROC=0.62;2-A: AUROC=0.54;3-A: AUROC=0.61;4-A: AUROC=0.67"""
0,85,2020,"""I) Eye Gaze;III) Audio;V) Log data """,,"""1) Gaze;2) Entropy;3) Similarity;4) Cognitive load;5) Auto-correlation coefficient;6) Energy;7) Shape of envelope;8) Linear predictive coding;9) Dialog;10)  correct/incorrect/hint feedbacks""","""1) Gaze;2) Gaze;3) Gaze;4) Gaze;5) Verbal;6) Verbal;7) Verbal;8) Verbal;9) Verbal;10) Log Data;""","""1) Visual Attention;2) Visua Attention;3) Visual Attention;4) Eye Physiology;5) Speech Features;6) Speech Features;7) Speech Features;8) Speech Features;9) Speech Content;10) Task Related""",A) Learning gains,A) Learning ,A) product,"""9 - A: correlation: sig;10 - A: correlation: sig;1- A: correlation: nonsig;2- A: correlation: nonsig;3-A: correlation: nonsig;4-A : correlation: nonsig;5-A: correlation: nonsig;6-A: correlation: nonsig;7-A: correlation: nonsig;8-A: correlation: nonsig;"""
0,86,2014,"""I) Eye Gaze;III) Audio;V) Log data""",,"""1) hint behavior;2) joint visual attention - collaboration quality;3) moments of good collaboration ""","""1) Log Data;2) Gaze;3) Log Data""","""1) Task Related;2) Visual Attention;3) Task Related""","""A) learning gain;""",A) Learning ,A) product,"""2-A: correlation: sig;2-A: correlation: nosig"""
0,87,2016,I) Eye Gaze ,,"""1) Gaze Visual Agitation;2) Gaze Spatial Entropy;3) Return Levels - EVT ""","""1) Gaze;2) Gaze;3) Gaze""","""1) Visual Attention;2) Visual Attention;3) Visual Attention""",A) quality of collaboration,A) coordination,A) process,"""1-A: ANOVA: nonsig;2-A: ANOVA: nonsig;2-A: correlation: nonsig"""
0,88,2014,I) Eye Gaze,,"""1) joint visual attention;2) gaze recurrence ""","""1) Gaze;2) Gaze""","""1) Visual Attention;2) Visual Attention""","""A) learning gain - procedural test;B) learning gain - conceptual test""",A) Learning ,A) product,"""1-A: correlation: nonsig;1-B: correlation: sig"""
0,89,2013,"""I) Eye Gaze;III) Audio""",,"""1) Gaze Episodes;2) Dialogue Episodes;3) Gaze Transitions""","""1) Gaze;2) Speech;3) Gaze""","""1) Visual Attention;2) Speech Participation;3) Visual Attention""",A) Task performance - level of understanding ,A) performance,A) product,"""1- A: ANOVA:sig;"""
0,90,2021,"""II) Video;III) Audio;V) Log data""",,"""1) Affective States;2) Speech;3) Task-context Features;""","""1) Gaze;2) Speech;3) ""","""1) Affective State;2) Speech;3) Text Features""","""A) Last error;B) Learning gain""","""A) performance;B) learning""","""A) product;B) product""","""1-A: Kruskal-Wallis: nonsig;2-B: Kruskal-Wallis: sig (expressive explorers, silent wanderers)"""
0,91,2005,I) Eye Gaze,,1) Eye Movement,1) Gaze,1) Eye Motion,A) Task performance,A) performance,"""A) product;""",1-A: ANOVA: sig
0,92,2019,"""III) Audio;VIII) EEG""",,1) Brain synchrony,1) Physiological,1) Brain,"""A) collaborative problem-solving performance;B) collaborative problem-solving efficiency;""","""A) performance;B) coordination;""","""A) product;B) process""","""1-A:positive correlation:sig;2-B:negative correlation: sig;;"""
0,93,2013,IV) Kinesiology,,"""1) Posture Estimation;2) Hand-to-Face Gesture""","""1) Body;2) Body""","""1) Gross Body Motion;2) Gross Body Motion""","""A) learning gain;""","""A) cognitive load;""","""A) product;""",1-A: negative correlation: sig (frustration level)
0,94,2009,V) Log Data,,1) Task-Context Features,1) Log Data,1) Task Related,A) Task performance,"""A) perspective;B) argument""","""A) product;B) product""","""1-A:Wilcoxon Signed Ranks test: sig;1-B: Wilcoxon Signed Ranks test: sig"""
0,95,2008,I) Eye Gaze,,"""1) Concept map fixation time ratio;2) Number of concept-map eye-gaze transitions""","""1) Gaze;2) Gaze""","""1) Visual Attention;2) Visual Attention""","""A) Learning Measures;""",A) performance,A) product,"1,2-A: negative correlation: sig (individual learning, knowledge equivalence)"
0,96,2009,VIII) EEG ,,1) Physiological Synchrony,1） physiology,1）brain,"""A) Collaborative problem-solving performance;B) Collaborative problem-solving efficiency""","""A) Performance;B) performance;""","""A) product;A) product""","""1-A: Positive Correlation: sig;1-B: Negative Correlation: sig"""
0,97,2008,II) video,,1)physical interactivity,1）Body,1）Gross Body motion,A)CPS competencies,A) performance,A) product,1-A: anova:sig
0,98,2021,"""II) video;III) Audio;V) Log data""",,"""1) Affective States;2) Speech;3) Task- context;4) Gaze""","""1)Physiological;2)Verbal;3)Log;4) Gaze""","""1) Affective;2) Speech;3) Task- related;4) Gaze""","""A) Learning gains;""",A) Learning ,A) product,"""2 - A: Kruskal-Wallis: sig;1,2,3- A: sup. machine learning(0.89)"""
0,99,2018,"""II)VIdeo;III) Audio;V)log""",,II) NS III) NS V) Arduino IDE,"""1）Total number of faces looking toward the screen (FLLS);2） Total number of connected Arduino components (IDEVHW);7） Mean distance between learners (DBL);9)    measure of complexity (IDEX) """,,A）task performance,A) performance,A) product,"7,2,9,10-A: regression:sig(best result)"
0,100,2020,II) Video,,"""1) Metrics of frequency;2) Metrics of hands distance""","""1) Body;2) Body""",1) Hand 2) Hand,A) CPS competence,A) Collaboration,A) Process,"1,2 - A: machine learning(0.75)"
0,101,2021,VIII) EEG,,1)mediation- anxiety level,1 ) physioloy,1) brain,"""A) Learning gains;""",A) Learning ,A) product,1-A: Mann-Whitney U and Kruskal-Wllis tests:sig
0,102,2021,VIII) EEG ,,1) Inter-brain synchrony ,1） physiology,1）brain,A) tasks performance,A)Performance,A) Product,1-A: correlation: sig
0,103,2001,"""I) Eye Gaze;III) Audio""",,"""1) Fixation;2) Phonemic clause""","""1) Gaze;2) Speech""","""1) Visual Attention;2) Speech""",A) Conversational attention,A) attention,A) process,"1,2-A: t-test: sig"
0,104,2004,I) Eye Gaze,,1) Eye gaze trace,1) Gaze,1) Eye Motion,A) Performance,A) performance,A) product,1-A: ANOVA: sig
0,105,2008,"""I) Eye Gaze;III) Audio""",,"""1) Shared gaze;2) Shared voice""","""1) Gaze;2) Speech""","""1) Visual Attention;2) Speech""",A) Task performance,A) performance,A) product,"1,2-A: t-test: sig"
0,106,2005,V) Log Data,,"""1) task properties;2) people's actions;3) message content""","""1) log data;2) log data;3) log data""","""1) task-related;2) task-related;3) task-related""",A) focus attention,A) coordination,A) process,"1, 2, 3-A: sup machine learning: 74.25%"
0,107,2003,I) Eye Gaze,,"1) saccade length, fixation duration",1) Gaze,1) Visual Attention,A) Task performance,A) collaboration,A) product,1-A: sup. machine learning
0,107,2003,X) BVP,,1) gesture drawing on video feed,1) Body,1) Gesture drawing,A) Task performance,A) collaboration,A) process,1-A: ANOVA: sig
0,108,2007,"""I) Eye Gaze;III) Audio""",,"""1) attention;2) speech""","""1) Gaze;2) Speech""","""1) Visual Attention;2) Speaking Time""",A) quality of collaboration,A) collaboration,A) process,"""1-A: t-test: nonsig;2-A: t-test: sig"""
0,109,2002,"""I) Eye Gaze;III) Audio;""",,1)  gaze awareness ,1) Gaze,1) Visual Attention,"""A) Task Performance;B) collaboration quality""","""A) performance;B) collaboration;""","""A) product;B) process ""","""1- A: ANOVA: sig;1- B: ANOVA: sig"""
0,110,2009,II) Video,,1) facial expressions,1) Physiological,1) Affective,A) Emotion network,A) collaboration,A) process,1-A unsup. machine learnig:sig 
0,111,2009,"""II) Video;III) Audio;""",,"""1) head directions;2) speech features - utterances""","""1) Body;2) Verbal""","""1) head movements;2) speech features """,A) Group dynamics (visual focus of attention),A) group composition,A) condition,"1,2- A: mean"
0,112,2008,,,,,,,,,
0,113,2010,"""I)  Eye Gaze;III) Audio""",,"""1) shared gaze;2) shared speech ""","""1) Gaze;2) Speech ""","""1) visual attention;2) Speech Features""",A) task performance ,A) performance,A) Product ,"1,2- A: t-test:sig "
0,114,2009,"""VIII) EEG;VII) ECG;VI) EDA;X) BVP""",,"""1) physiology;2) physiology;3) physiology;4) physiology;""","""1) physiology;2) physiology;3) physiology;4) physiology;""","""1) brain;2) brain;3）brain;4）brain""",A) Affective states,A) Affective ,A) Process,"1,2,3,4 - A: machine learning: sig (86.30%)"
0,115,2009,,,,,,,,,
0,116,2006,,,,,,,,,
0,117,2007,"""II) Video;III) Audio;""",,"""1) Body movements;2) Head movements;3) Speech Features ""","""1)Body;2) Body;3) Verbal""","""1)Body motions;2) Head motions;3) Speech features """,A) Group Cohesion,A) Collaboration,A) process,Shapiro-Wilk - only checked normality 
0,118,2018,III) Audio,,"""1) Speech Features;2) Linguisitc features ""","""1) Verbal;2) Verbal""","""1) Speech features;2) Speech features""",A) social impressions,A) Collaboration,A) Process,"1,2-A: sup.machine learning: sig(93%)"
0,119,2006,III) Audio,,"""1) speech features;2) speech features;3) speech style""","""1) Verbal;2) Verbal;3) Verbal""","""1) Speech instructions;2) Adjacent utterances;3) Dialogue style""","""A) amplitude difference;B) command usage""","""A) Collaboration;B) Coordination""","""A) Process;B) Product""","""1,2,3-A: t-test: sig;1,2,3-B: t-test: sig;"""
0,120,2011,II) Video,,1) Gesture fluency,1) Body,1) Gesture fluency,A) communicative intent ,A) Collaboration,A) Process ,"""1-A: ANOVA: sig;"""
0,121,2009,III) Audio,,1) speech features,1) Verbal,1) speech usage,"""A) task completion;B) fantasy levels""","""A) performance;B) affective""","""A) Product;B) process ""","""1-A: correlation: sig (r=0.406);1-B: correlation: sig (r=0.224)"""
0,122,2008,"""II) Video;III) Audio;""",,"""1) Gross body movements;2) Speech Features ""","""1) Body;2) Verbal""","""1) Gross body motions;2) Speech features """,A) personality traits (five personality),A) group composition,A) Condition,"1,2- A:sup.machine learning:sig (90%)"
0,123,2009,"""II) Video;III) Audio;""",,"""1) Gross body movements;2) Speech Features ""","""1) Body;2) Verbal""","""1) Body;2) speech features """,A) personality traits (Extraversion and Locus of Control),A) group composition,A) Condition,"1,2- A:sup.machine learning:sig (90%)"
0,124,2009,"""II)Video;III) Audio""",,"""1) Gross body movements; 2) Speech Features""","""1) Body;2) Verbal""","""1) Body;2) Speech features """,A) task performance,A) Product ,A) Product ,"1,2-A:unsup:machine learning:50%"
0,125,2006,"""II) Video;III) Audio""",,"""1) gross body movements;2) dialogue""","""1) Body;2) Verbal""","""1) worker's actions;2) dialogue """,A) focus of attention,A) Collaboration,A) process,"1,2-A: sup.machine learning: 81.79%"
0,126,2009,III) Audio,,"""1) Speaking Length;2) Speaking Turns;3) Successful Interruptions;4) Backchannels;5) Fraction of overlapped speech;6) Fraction of silence""","""1) Verbal;2) Verbal;3) Verbal;4) Verbal;5) Verbal;6) Verbal;7) Verbal""","""1) speech features;2) speech features;3) speech features;4) speech features;5) speech features;6) speech features ""","""A) type of meeting (collocated or remote);B) collocated meeting inference;C) remote member participation""","""A) Group dynamics;B) Group dynamics;C) Group dynamics""","""A) Condition;B) Condition;C) Condition""","""2-A: unsup.machine.learning: 70% (compared to 66% random performance);2-B: unsup.machine.learning: 81% (compared to 33% random performance);1-C: unsup.machine.learning: 50% (compared to 25% random performance)"""
0,127,2007,II) Video ,,1) gaze frequency,1) Gaze,1) gaze frequency,A) conversational attention,A) attention,A) Process,1-A: Tukey’s HSD test: sig
0,128,2001,"""I)  Eye Gaze;III) Audio""",,"""1) gaze focus;2) sound focus""","""1) Gaze;2) Verbal""","""1) Visual Attention;2) speech features """,A) focus of attention,A) Group dynamics,A) Process,"1,2- A: sup. machine learning: 74.8%"
0,129,2010,"""I) Eye Gaze;V) log data """,,"""1) gaze fixations;2) gaze saccades;3) task actions""","""1)Gaze;2)Gaze;3) Log""","""1) Visual Attention;2) Eye Motion;3) task-related """,A) group contexts ,A) Group dynamics,A) Process,"1,2,3 - sup. machine learning: sig: 81.43%"
0,130,2006,II) Video,,"""1) body movements;2) head movements ""","""1) body;2) head""","""1) body motions;2) head motions """,A) focus of attention ,A) Group dynamics,A) Process,"1,2-A: sup.machine: sig"
0,131,2010,"""I) Eye Gaze;II) Video;III) Audio""",,"""1) eye gaze directions;2) head movements;3) speech features""","""1) Gaze;2) Body;3) Verbal""","""1) visual attention;2) hand motions;3) speech features;""",A) focus of attention ,A) Coordination,A) Process,"1,2,3 -A: sup.machine learning:sig: 94.6%"
0,132,1999,"""I) Eye Gaze;IV) Kinesiology""",,"""1) eye gaze directions;2) head movements""","""1) Gaze;2) Body""","""1) visual attention;2)head motions """,A) focus of attention ,A) coordination,A) process,"1,2- A: sup. machine learning: 93%"
0,133,2002,"""I) Eye Gaze;III) Audio;IV) Kinesiology""",,"""1) eye gaze directions;2) head movements;3) Speech features""","""1) Gaze;2) Body;3) Verbal""","""1) visual attention;2) head motions;3) speech features""",A) focus of attention ,A) coordination,A) process,"1,2,3- A: sup.machine learning: 76%"
0,134,2009,I) Eye Gaze,,1) reaction time,1) Gaze,"""1) visual attention;2) head motions;3) speech features ""","""A) search time;B) error rate""","""A) attention;B) performance""","""A) Process;B) Product""","""1-A: t-test: sig;1-B: t-test: sig"""
0,135,2008,"""III) Audio;V) Log Data""",,"""1) speech amplitude;2) pen pressure""","""1) Verbal;2) Log Data""","""1) speech features;2) body motions""",A) task performance,A) performance,A) Product,"""1-A: t-test: sig;2-A: t-test: nonsig"""
0,136,2007,I) Eye Gaze,,"""1) reaction to eye contact;2) user-initiative joint attention""","""1) Gaze;2) Gaze""","""1) visual attention;2) visual attention""","""A) subconscious interest;B) favorable feeling""","""A) engagement;B) interpersonal relationship;""","""A) Process;B) Process""","""1-A: t-test: sig;2-B: t-test: sig"""
0,137,2008,"""III) Audio;IV) Kinesiology;V) Log Data""",,"""1) speech features;2) head rotations;3) slide data ""","""1) Verbal;2) Body;3) Log Data""","""1) speech features;2) head motions;3) Task- related """,A) focus of attention ,A) coordination,A) process,"1,2,3 - A: unsup.machine learning: 46.7%"
0,138,2008,IV) Kinesiology,,1) head rotation,1) Body,1) head motions,A) focus of attention ,A) coordination,A) process,1-A: unsup.machine learning: 85%
0,139,2000,"""II) Video;III) Audio""",,"""1) gesture;2) communication quality""","""1) Body;2) Verbal""","""1) gross body motion;2) speech participation""",A) task performance,A) performance,A) Product,"""1-A: ANOVA: nonsig;2-A: ANOVA: nonsig"""
0,140,2003,"""I) Eye Gaze;""",,1) focus of attention,1) Gaze,1) visual attention,"""A) task performance;B) quality of assistance;C) communication efficiency""","""A) performance;B) coordination;C) coordination""","""A) Product;B) Process;C) Process""","""1-A: ANOVA: sig;1-B: ANOVA: sig;1-C: ANOVA: sig"""
0,141,2022,IV) Kinesiology,,1) head rotation,1) Body,1) head motions,"""A) peripheral awareness;""","""A) coordination;""","""A) Process;""","""1-A: t-test: sig;"""
0,142,2018,VIII) EEG ,,1) brain waves patterns ,1) physiology,1）brain,A) Situational Interest ,A) coordination,A) process,1-A: sup.machine learning: 93.3%
0,143,2007,I) Eye Gaze,,1) eye movements,1) Gaze,1) visual attention,"""A) early disambiguation;B) orienting effect""","""A) communication;B) coordination ""","""A) Process;B) Process""","""1-A: ANOVA: sig;1-B: t-test: sig"""
0,144,2008,III) Audio,,1) speech time,1) Verbal,1) speech features,"""A) speaking dynamics;B) group interactivity level;C) distraction level""","""A) group dynamics;B) engagement;C) engagement""","""A) Process;B) Process;C) Process""","""1-A: ANOVA: sig;1-B: ANOVA: sig;1-C: ANOVA: sig"""
0,145,2007,"""III) Audio;IV) Kinesiology""",,"""1) speaking length;2) speaking energy;3) motion activity""","""1) Verbal;2) Verbal;3) Body""","""1) speech features;2) speech features;3) gross body motion""",A) perceived dominance,A) group dynamics,A) Process,"""1-A: sup. machine learning: 85%;2-A: sup. machine learning: 82%;3-A: sup. machine learning: 62%"""
0,146,2008,IV) Kinesiology,,1) head pose,1) Body,1) head motions,A) focus of attention ,A) coordination,A) process,1-A: unsup. machine learning:53.6%
0,147,2010,"""II) Video;III) Audio;IV) Kinesiology""",,"""1) focus of attention;2) gestures;3) speech features ""","""1) Gaze;2) Body;3) Verbal""","""1) visual attention;2) gross body motion;3) speech features """,A) group activity,A) group dynamics,A) process,"1,2,3- A: unsup. machine learning: 74.4%"
0,148,2018,"""VI) EDA;VII) ECG;""",,1) Social Physiological Compliance (SPC),"""1) Physiology;""",1) combined,A) task performance,A) performance,A) product,"""1-A:minimum-width envelope: sig;"""
0,149,2022,III) Audio,,1) speech features,1) Verbal,1) speech features,A) team coordination,A)coordination,A) process,1- A:sup.machine learning: 40%
0,150,1999,IV) Kinesiology,,1) head rotation,1) Body,1) head motions,A) focus of attention ,A) coordination,A) process,1-A: unsup. machine learning: 93%
0,151,2001,"""VI) EDA;VII) ECG;?) Breathing (changes in lung volume) """,,1) Physiological Compliance ,1) Physiology,1) Physiological Compliance,"""A) task completion time;B) collision damage;C) team coordination""","""A) performance;B) performance;C) coordination""","""A) product;B) product;C) process""","""1-A: regression: sig;1-B: regression: nonsig;1-C: regression: nonsig"""
0,152,2011,"""III) Audio;V) Log Data""",,"""1) verbal participation;2) physical participation""","""1) Verbal;2) Log""","""1) speech features;2) physical participation""",A) group collaboration level,A) collaboration,A) process,"1,2-A: unsup. machine learning: 60%"
0,153,2012,"""I) Eye Gaze;III) Audio""",,"""1) amount of eye gaze at others;2) amount of mutual gaze;3) amount of speech;4) breaking a silence""","""1) Gaze;2) Gaze;3) Verbal;4) Verbal""","""1) visual attention;2) visual attention;3) speech features;4) speech particpation""",A) Conversational dominance,A) group dynamics,A) process,"1,2,3,4: regression: sig"
